hydro,pathway,subpathway,query,gene
A_Alkanes,A_Auxiliar alkane gene,A_Auxiliar alkane gene,O85764,A_ssuD
A_Alkanes,A_Auxiliar alkane gene,A_Auxiliar alkane gene,P12693,A_alkH_ald
A_Alkanes,A_Auxiliar alkane gene,A_Auxiliar alkane gene,P17051,A_alkS
A_Alkanes,A_Auxiliar alkane gene,A_Auxiliar alkane gene,P40402,A_ssuD
A_Alkanes,A_Auxiliar alkane gene,A_Auxiliar alkane gene,Q00593,A_alkJ_adh
A_Alkanes,A_Auxiliar alkane gene,A_Auxiliar alkane gene,Q0VKZ4,A_alkS
A_Alkanes,A_Auxiliar alkane gene,A_Auxiliar alkane gene,Q9HYG2,A_ssuD
A_Alkanes,A_Auxiliar alkane gene,A_Auxiliar alkane gene,Q9L4M7,A_alkS
A_Alkanes,A_Auxiliar alkane gene,A_Auxiliar alkane gene,Q9WWW2,A_alkJ_adh
A_Alkanes,A_Finnerty pathway,A_Finnerty pathway,BAB33284.1,B_alkMa
A_Alkanes,A_Finnerty pathway,A_Finnerty pathway,BAB33287.1,B_alkMb
A_Alkanes,A_Finnerty pathway,A_Finnerty pathway,Q02UU0,B_ahpC
A_Alkanes,A_Finnerty pathway,A_Finnerty pathway,Q9I6Z2,B_ahpF
A_Alkanes,A_Hydrocarbon uptake,A_Hydrocarbon uptake,P0A901,C_blc
A_Alkanes,A_Hydrocarbon uptake,A_Hydrocarbon uptake,P10384,C_FadL
A_Alkanes,A_Hydrocarbon uptake,A_Hydrocarbon uptake,Q00595,C_alkL
A_Alkanes,A_Hydrocarbon uptake,A_Hydrocarbon uptake,Q08790,C_blc
A_Alkanes,A_Hydrocarbon uptake,A_Hydrocarbon uptake,Q0VTI9,C_alkN_mcp
A_Alkanes,A_Hydrocarbon uptake,A_Hydrocarbon uptake,Q9R9U8,C_alkN_mcp
A_Alkanes,A_Subterminal oxidation,A_Subterminal oxidation,A3U3H1,D_BVMO
A_Alkanes,A_Subterminal oxidation,A_Subterminal oxidation,A7HU16,D_BVMO
A_Alkanes,A_Subterminal oxidation,A_Subterminal oxidation,Q0SJK6,D_prmD
A_Alkanes,A_Subterminal oxidation,A_Subterminal oxidation,Q0SJK7,D_prmC
A_Alkanes,A_Subterminal oxidation,A_Subterminal oxidation,Q0SJK8,D_prmB
A_Alkanes,A_Subterminal oxidation,A_Subterminal oxidation,Q0SJK9,D_prmA
A_Alkanes,A_Subterminal oxidation,A_Subterminal oxidation,Q768T2,D_prmD
A_Alkanes,A_Subterminal oxidation,A_Subterminal oxidation,Q768T3,D_prmC
A_Alkanes,A_Subterminal oxidation,A_Subterminal oxidation,Q768T4,D_prmB
A_Alkanes,A_Subterminal oxidation,A_Subterminal oxidation,Q768T5,D_prmA
A_Alkanes,A_Subterminal oxidation,A_Subterminal oxidation,Q88J44,D_BVMO
A_Alkanes,A_Subterminal oxidation,A_Subterminal oxidation,Q93TJ5,D_BVMO
A_Alkanes,A_Subterminal oxidation,A_Subterminal oxidation,Q9I3H5,D_BVMO
A_Alkanes,A_Subterminal oxidation,A_Subterminal oxidation,U5S003,D_BVMO
A_Alkanes,A_Terminal/biterminal oxidation,A_Terminal/biterminal oxidation,A4IU28,E_LadA
A_Alkanes,A_Terminal/biterminal oxidation,A_Terminal/biterminal oxidation,A5H9N6,E_almA
A_Alkanes,A_Terminal/biterminal oxidation,A_Terminal/biterminal oxidation,C0LMW6 ,E_alkB
A_Alkanes,A_Terminal/biterminal oxidation,A_Terminal/biterminal oxidation,D0Q1H3,E_CYP450
A_Alkanes,A_Terminal/biterminal oxidation,A_Terminal/biterminal oxidation,D2JNY2,E_alkB
A_Alkanes,A_Terminal/biterminal oxidation,A_Terminal/biterminal oxidation,G3EIL3,E_alkB
A_Alkanes,A_Terminal/biterminal oxidation,A_Terminal/biterminal oxidation,GOM1,E_almA
A_Alkanes,A_Terminal/biterminal oxidation,A_Terminal/biterminal oxidation,K0C9K7,E_alkB
A_Alkanes,A_Terminal/biterminal oxidation,A_Terminal/biterminal oxidation,K0CFH5,E_almA
A_Alkanes,A_Terminal/biterminal oxidation,A_Terminal/biterminal oxidation,L7QFU8,E_CYP153
A_Alkanes,A_Terminal/biterminal oxidation,A_Terminal/biterminal oxidation,O31250,E_alkB
A_Alkanes,A_Terminal/biterminal oxidation,A_Terminal/biterminal oxidation,P00272,E_alkF_rubA_rdx
A_Alkanes,A_Terminal/biterminal oxidation,A_Terminal/biterminal oxidation,P0A4E9,E_alkF_rubA_rdx
A_Alkanes,A_Terminal/biterminal oxidation,A_Terminal/biterminal oxidation,P0A4F1,E_alkF_rubA_rdx
A_Alkanes,A_Terminal/biterminal oxidation,A_Terminal/biterminal oxidation,P12015,E_CHMO
A_Alkanes,A_Terminal/biterminal oxidation,A_Terminal/biterminal oxidation,P12691,E_alkB
A_Alkanes,A_Terminal/biterminal oxidation,A_Terminal/biterminal oxidation,P12692,E_alkF_rubA_rdx
A_Alkanes,A_Terminal/biterminal oxidation,A_Terminal/biterminal oxidation,P16496,E_CYP450
A_Alkanes,A_Terminal/biterminal oxidation,A_Terminal/biterminal oxidation,P17052,E_alkT_rubB_rdxR
A_Alkanes,A_Terminal/biterminal oxidation,A_Terminal/biterminal oxidation,P27353,E_mmoX
A_Alkanes,A_Terminal/biterminal oxidation,A_Terminal/biterminal oxidation,P27354,E_mmoY
A_Alkanes,A_Terminal/biterminal oxidation,A_Terminal/biterminal oxidation,P27355,E_mmoZ
A_Alkanes,A_Terminal/biterminal oxidation,A_Terminal/biterminal oxidation,P27356,E_mmoB
A_Alkanes,A_Terminal/biterminal oxidation,A_Terminal/biterminal oxidation,P42453,E_alkF_rubA_rdx
A_Alkanes,A_Terminal/biterminal oxidation,A_Terminal/biterminal oxidation,Q0VKZ2,E_alkF_rubA_rdx
A_Alkanes,A_Terminal/biterminal oxidation,A_Terminal/biterminal oxidation,Q0VKZ3,E_alkB
A_Alkanes,A_Terminal/biterminal oxidation,A_Terminal/biterminal oxidation,Q0VTA9,E_alkF_rubA_rdx
A_Alkanes,A_Terminal/biterminal oxidation,A_Terminal/biterminal oxidation,Q0VTB0,E_alkT_rubB_rdxR
A_Alkanes,A_Terminal/biterminal oxidation,A_Terminal/biterminal oxidation,Q0VTH3,E_alkB
A_Alkanes,A_Terminal/biterminal oxidation,A_Terminal/biterminal oxidation,Q607G3,E_pmoA1
A_Alkanes,A_Terminal/biterminal oxidation,A_Terminal/biterminal oxidation,Q6B431,E_alkB
A_Alkanes,A_Terminal/biterminal oxidation,A_Terminal/biterminal oxidation,Q6F7T9,E_almA
A_Alkanes,A_Terminal/biterminal oxidation,A_Terminal/biterminal oxidation,Q6H941,E_alkB
A_Alkanes,A_Terminal/biterminal oxidation,A_Terminal/biterminal oxidation,Q8KQE7,E_bmoZ
A_Alkanes,A_Terminal/biterminal oxidation,A_Terminal/biterminal oxidation,Q8KQE9,E_bmoY
A_Alkanes,A_Terminal/biterminal oxidation,A_Terminal/biterminal oxidation,Q8KQF0,E_bmoX
A_Alkanes,A_Terminal/biterminal oxidation,A_Terminal/biterminal oxidation,Q9HTK7,E_alkF_rubA_rdx
A_Alkanes,A_Terminal/biterminal oxidation,A_Terminal/biterminal oxidation,Q9HTK8,E_alkF_rubA_rdx
A_Alkanes,A_Terminal/biterminal oxidation,A_Terminal/biterminal oxidation,Q9HTK9,E_alkT_rubB_rdxR
A_Alkanes,A_Terminal/biterminal oxidation,A_Terminal/biterminal oxidation,Q9I0R2,E_alkB
A_Alkanes,A_Terminal/biterminal oxidation,A_Terminal/biterminal oxidation,Q9L4M8,E_alkT_rubB_rdxR
A_Alkanes,A_Terminal/biterminal oxidation,A_Terminal/biterminal oxidation,Q9WWW4,E_alkF_rubA_rdx
A_Alkanes,A_Terminal/biterminal oxidation,A_Terminal/biterminal oxidation,Q9WWW5,E_alkF_rubA_rdx
A_Alkanes,A_Terminal/biterminal oxidation,A_Terminal/biterminal oxidation,Q9WWW6,E_alkB
A_Alkanes,A_Terminal/biterminal oxidation,A_Terminal/biterminal oxidation,Q53563,mmoC
A_Alkanes,A_Terminal/biterminal oxidation,A_Terminal/biterminal oxidation,C3W4W7,alkB
A_Alkanes,A_Terminal/biterminal oxidation,A_Terminal/biterminal oxidation,E7D4Q3,alkB
A_Alkanes,A_Terminal/biterminal oxidation,A_Terminal/biterminal oxidation,G1C7J8,alkB
A_Alkanes,A_Terminal/biterminal oxidation,A_Terminal/biterminal oxidation,Q08KE7,alkB
A_Alkanes,A_Terminal/biterminal oxidation,A_Terminal/biterminal oxidation,Q93DM7,alkB
A_Alkanes,A_Terminal/biterminal oxidation,A_Terminal/biterminal oxidation,Q93DN5,alkB
A_Alkanes,A_Terminal/biterminal oxidation,A_Terminal/biterminal oxidation,Q93JS1,alkB
A_Alkanes,A_Terminal/biterminal oxidation,A_Terminal/biterminal oxidation,Q93JS2,alkB
A_Alkanes,A_Terminal/biterminal oxidation,A_Terminal/biterminal oxidation,Q93UQ1,alkB
A_Alkanes,A_Terminal/biterminal oxidation,A_Terminal/biterminal oxidation,Q9AE68,alkB
A_Alkanes,A_Terminal/biterminal oxidation,A_Terminal/biterminal oxidation,Q9AFD5,alkB
A_Alkanes,A_Terminal/biterminal oxidation,A_Terminal/biterminal oxidation,Q9XAU0,alkB
A_Alkanes,A_Terminal/biterminal oxidation,A_Terminal/biterminal oxidation,Q9XAV1,alkB
A_Alkanes,A_Terminal/biterminal oxidation,A_Terminal/biterminal oxidation,Q9XBM1,alkB
A_Alkanes,A_Terminal/biterminal oxidation,A_Terminal/biterminal oxidation,A5H9N8,almA
A_Alkanes,A_Terminal/biterminal oxidation,A_Terminal/biterminal oxidation,A5H9P0,almA
A_Alkanes,A_Terminal/biterminal oxidation,A_Terminal/biterminal oxidation,E3UUD9,almA
A_Alkanes,A_Terminal/biterminal oxidation,A_Terminal/biterminal oxidation,G1C7M4,almA
A_Alkanes,A_Terminal/biterminal oxidation,A_Terminal/biterminal oxidation,L7QFU8,CYP153
A_Alkanes,A_Terminal/biterminal oxidation,A_Terminal/biterminal oxidation,Q11ZY2,CYP450
A_Alkanes,A_Terminal/biterminal oxidation,A_Terminal/biterminal oxidation,Q6RCE3,CYP450
C_Aromatics,A_Terminal/biterminal oxidation,A_Terminal/biterminal oxidation,Q6RXW0,chnE
C_Aromatics,A_Terminal/biterminal oxidation,A_Terminal/biterminal oxidation,Q6RXW1,chnB
C_Aromatics,A_Terminal/biterminal oxidation,A_Terminal/biterminal oxidation,Q6RXW2,chnC
C_Aromatics,A_Terminal/biterminal oxidation,A_Terminal/biterminal oxidation,Q6RXW3,chnD
C_Aromatics,A_Terminal/biterminal oxidation,A_Terminal/biterminal oxidation,Q6TMA3,chnA
B_Alkenes,B_2-methylpropene degradation,B_2-methylpropene degradation,Q3YAT3,A_mpdB
B_Alkenes,B_2-methylpropene degradation,B_2-methylpropene degradation,Q3YAT5,A_mpdC
B_Alkenes,B_Ethene and chloroethene degradation,B_Ethene and chloroethene degradation,Q6XBI9,B_etnE
B_Alkenes,B_Isoprene degradation,B_Isoprene degradation,Q9RBN7,C_isoF
B_Alkenes,B_Isoprene degradation,B_Isoprene degradation,Q9RBN8,C_isoE
B_Alkenes,B_Isoprene degradation,B_Isoprene degradation,Q9RBN9,C_isoD
B_Alkenes,B_Isoprene degradation,B_Isoprene degradation,Q9RBP0,C_isoC
B_Alkenes,B_Isoprene degradation,B_Isoprene degradation,Q9RBP1,C_isoB
B_Alkenes,B_Isoprene degradation,B_Isoprene degradation,Q9RBP2,C_isoA
B_Alkenes,B_Isoprene degradation,B_Isoprene degradation,Q9RBP4,C_isoI
B_Alkenes,B_Isoprene degradation,B_Isoprene degradation,Q9RBP5,C_isoH
B_Alkenes,B_Propene degradation,B_Propene degradation,A7IPX7,D_xamoF
B_Alkenes,B_Propene degradation,B_Propene degradation,O87082,D_xamoA
B_Alkenes,B_Propene degradation,B_Propene degradation,Q56837,D_xecA
B_Alkenes,B_Propene degradation,B_Propene degradation,Q56839,D_xecC
B_Alkenes,B_Propene degradation,B_Propene degradation,Q56840,D_xecD
B_Alkenes,B_Propene degradation,B_Propene degradation,Q56841,D_xecE1
B_Alkenes,B_Propene degradation,B_Propene degradation,Q9ZET3,D_xamoE
B_Alkenes,B_Propene degradation,B_Propene degradation,Q9ZET4,D_xamoD
B_Alkenes,B_Propene degradation,B_Propene degradation,Q9ZET5,D_xamoC
B_Alkenes,B_Propene degradation,B_Propene degradation,Q9ZET6,D_xamoB
C_Aromatics,C_1-Methylnaphthalene/2-Methylnaphthalene degradation,C_1-Methylnaphthalene|2-Methylnaphthalene degradation,O52378,A_nagAa
C_Aromatics,C_ 2-Methylnaphthalene degradation,C_1-Methylnaphthalene|2-Methylnaphthalene degradation,O52380,A_nagH
C_Aromatics,C_1-Methylnaphthalene/2-Methylnaphthalene degradation,C_1-Methylnaphthalene|2-Methylnaphthalene degradation,O52381,A_nagAb
C_Aromatics,C_1-Methylnaphthalene/2-Methylnaphthalene degradation,C_1-Methylnaphthalene|2-Methylnaphthalene degradation,O52382,A_nagAc
C_Aromatics,C_1-Methylnaphthalene/2-Methylnaphthalene degradation,C_1-Methylnaphthalene|2-Methylnaphthalene degradation,O52383,A_nagAd
C_Aromatics,C_1-Methylnaphthalene/2-Methylnaphthalene degradation,C_1-Methylnaphthalene|2-Methylnaphthalene degradation,O52384,A_nagB
C_Aromatics,C_2-Aminophenol_degradation,C_2-Aminophenol_degradation,O33477,amnB
C_Aromatics,C_2-Aminophenol_degradation,C_2-Aminophenol_degradation,O33478,amnA 
C_Aromatics,C_2-Aminophenol_degradation,C_2-Aminophenol_degradation,Q9KWS2,amnD
C_Aromatics,C_2-Aminophenol_degradation,C_2-Aminophenol_degradation,Q9KWS5,amnC
C_Aromatics,C_2-nitrobenzoate degradation,C_2-Nitrobenzoate degradation I,A4UVY1,C_nbaA
C_Aromatics,C_4-hydroxyphenylacetate degradation,C_4-Hydroxyphenylacetate degradation,Q9HWT6,D_hpaC
C_Aromatics,C_4-hydroxyphenylacetate degradation,C_4-Hydroxyphenylacetate degradation,Q9HWT7,D_hpaB
C_Aromatics,C_4-Hydroxyphenylacetate_degradation,C_4-Hydroxyphenylacetate_degradation,Q57160,hpaB
C_Aromatics,C_Aniline_degradation,C_Aniline_degradation,Q44249 ,atdA1
C_Aromatics,C_Anthracene degradation,C_Anthracene degradation,Q52126,F_ndoR_nahAA
C_Aromatics,C_Anthracene degradation,C_Anthracene degradation,Q9R9Y8,F_nahB
C_Aromatics,C_Anthranilate degradation,C_Anthranilate degradation I,O85673,GI_antA
C_Aromatics,C_Anthranilate degradation,C_Anthranilate degradation I,O85674,GI_antB
C_Aromatics,C_Anthranilate degradation,C_Anthranilate degradation I,O85675,GI_antC
C_Aromatics,C_Anthranilate degradation,C_Anthranilate degradation I,Q84BZ0,GI_andAa
C_Aromatics,C_Anthranilate degradation,C_Anthranilate degradation I,Q84BZ1,GI_andAb
C_Aromatics,C_Anthranilate degradation,C_Anthranilate degradation I,Q84BZ2,GI_andAd
C_Aromatics,C_Anthranilate degradation,C_Anthranilate degradation I,Q84BZ3,GI_andAc
C_Aromatics,C_Anthranilate degradation,C_Anthranilate degradation II,Q93FB2,GII_abmG2
C_Aromatics,C_Anthranilate degradation,C_Anthranilate degradation II,Q93FB8,GII_abmA
C_Aromatics,C_Anthranilate degradation,C_Anthranilate degradation II,Q93FC0,GII_abmG1
C_Aromatics,C_Anthranilate degradation,C_Anthranilate degradation II,Q9I4X3,GII_pqsA
C_Aromatics,C_Anthranilate degradation,C_Anthranilate degradation II,S6BVH5,GII_rauF
C_Aromatics,C_Anthranilate degradation,C_Anthranilate degradation IV,A4IT51,GIV_hpaH
C_Aromatics,C_Benzene degradation,C_Benzene degradation,Q07944,H_bedC1
C_Aromatics,C_Benzene degradation,C_Benzene degradation,Q07945,H_bedC2
C_Aromatics,C_Benzene degradation,C_Benzene degradation,Q07946,H_bedA
C_Aromatics,C_Benzene degradation,C_Benzene degradation,Q07947,H_bedB
C_Aromatics,C_Benzoate degradation,C_Benzoate degradation I,P07769,II_benA
C_Aromatics,C_Benzoate degradation,C_Benzoate degradation I,P07770,II_benB
C_Aromatics,C_Benzoate degradation,C_Benzoate degradation I,P07771,II_benC
C_Aromatics,C_Benzoate degradation,C_Benzoate degradation I,P23099,II_xylX
C_Aromatics,C_Benzoate degradation,C_Benzoate degradation I,P23100,II_xylY
C_Aromatics,C_Benzoate degradation,C_Benzoate degradation I,P23101,II_xylZ
C_Aromatics,C_Benzoate degradation,C_Benzoate degradation I,P23102,II_xylL
C_Aromatics,C_Benzoate degradation,C_Benzoate degradation II,Q84HI0,III_GI:23664434
C_Aromatics,C_Benzoate_degradation,C_Benzoate_degradation_I,F8J4S4,benA
C_Aromatics,C_Benzoate_degradation,C_Benzoate_degradation_I,GOM3_benA,benA
C_Aromatics,C_Benzoate_degradation,C_Benzoate_degradation_I,GOM3_benB,benB
C_Aromatics,C_Benzoate_degradation,C_Benzoate_degradation_I,GOM3_benC,benC
C_Aromatics,C_Benzoate_degradation,C_Benzoate_degradation_I,GOM3_benD,benD
C_Aromatics,C_Benzoate_degradation,C_Benzoate_degradation_II,Q84HH6,boxC
C_Aromatics,C_Benzoate_degradation,C_Benzoate_degradation_II,Q9AIX6,boxA
C_Aromatics,C_Benzoate_degradation,C_Benzoate_degradation_II,Q9AIX7,boxB
C_Aromatics,C_Benzoate_degradation,C_Benzoate_degradation_II,A0A7W5G636,benB
C_Aromatics,C_Biphenyl degradation,C_Biphenyl degradation,P47228,J_bphC
C_Aromatics,C_Biphenyl degradation,C_Biphenyl degradation,P72220,J_bphB
C_Aromatics,C_Biphenyl degradation,C_Biphenyl degradation,Q0S032,J_bphAd
C_Aromatics,C_Biphenyl degradation,C_Biphenyl degradation,Q52036,J_bphD
C_Aromatics,C_Biphenyl degradation,C_Biphenyl degradation,Q53122,J_bphAa
C_Aromatics,C_Biphenyl degradation,C_Biphenyl degradation,Q53123,J_bphAb
C_Aromatics,C_Biphenyl degradation,C_Biphenyl degradation,Q53124,J_bphAc
C_Aromatics,C_Biphenyl_degradation,C_Biphenyl_degradation,P08694,bphB
C_Aromatics,C_Biphenyl_degradation,C_Biphenyl_degradation,P08695,bphC
C_Aromatics,C_Biphenyl_degradation,C_Biphenyl_degradation,P17297,bphC
C_Aromatics,C_Biphenyl_degradation,C_Biphenyl_degradation,P17548,bphD
C_Aromatics,C_Biphenyl_degradation,C_Biphenyl_degradation,P37332,bphF
C_Aromatics,C_Biphenyl_degradation,C_Biphenyl_degradation,P37333,bphA
C_Aromatics,C_Biphenyl_degradation,C_Biphenyl_degradation,P37334,bphE
C_Aromatics,C_Biphenyl_degradation,C_Biphenyl_degradation,P37337,bphG
C_Aromatics,C_Biphenyl_degradation,C_Biphenyl_degradation,P47227,bphB
C_Aromatics,C_Biphenyl_degradation,C_Biphenyl_degradation,P47229,bphD
C_Aromatics,C_Biphenyl_degradation,C_Biphenyl_degradation,P50206,bphB
C_Aromatics,C_Biphenyl_degradation,C_Biphenyl_degradation,P51014,bphF
C_Aromatics,C_Biphenyl_degradation,C_Biphenyl_degradation,P51015,bphI
C_Aromatics,C_Biphenyl_degradation,C_Biphenyl_degradation,Q46373,bphE
C_Aromatics,C_Biphenyl_degradation,C_Biphenyl_degradation,Q52011,bphD
C_Aromatics,C_Biphenyl_degradation,C_Biphenyl_degradation,Q52028,bphA
C_Aromatics,C_Biphenyl_degradation,C_Biphenyl_degradation,Q52039,bphX2
C_Aromatics,C_Biphenyl_degradation,C_Biphenyl_degradation,Q52040,bphX3
C_Aromatics,C_Biphenyl_degradation,C_Biphenyl_degradation,Q52438,bphA1
C_Aromatics,C_Biphenyl_degradation,C_Biphenyl_degradation,Q52439,bphA2
C_Aromatics,C_Biphenyl_degradation,C_Biphenyl_degradation,Q52440,bphA3
C_Aromatics,C_Biphenyl_degradation,C_Biphenyl_degradation,Q79AF6 ,bphJ
C_Aromatics,C_Carbazole_degradation,C_Carbazole_degradation,D5IGG0,carAa
C_Aromatics,C_Carbazole_degradation,C_Carbazole_degradation,D5IGG4,carAc
C_Aromatics,C_Carbazole_degradation,C_Carbazole_degradation,Q8G8B6,carAa
C_Aromatics,C_Carbazole_degradation,C_Carbazole_degradation,Q8GI16,carAc
C_Aromatics,C_Carbazole_degradation,C_Carbazole_degradation,Q9AQM4,carC
C_Aromatics,C_Catechol degradation,C_Catechol degradation I (meta-cleavage pathway),P06622,LI_xylE
C_Aromatics,C_Catechol degradation,C_Catechol degradation I (meta-cleavage pathway),P23106,LI_xylF
C_Aromatics,C_Catechol degradation,C_Catechol degradation I (meta-cleavage pathway),P23107,LI_xylJ
C_Aromatics,C_Catechol degradation,C_Catechol degradation I (meta-cleavage pathway),P51019,LI_xylK
C_Aromatics,C_Catechol degradation,C_Catechol degradation II (meta-cleavage pathway),C4TP02,LII_xylG
C_Aromatics,C_Catechol degradation,C_Catechol degradation II (meta-cleavage pathway),P06622,LII_xylE
C_Aromatics,C_Catechol degradation,C_Catechol degradation II (meta-cleavage pathway),P23105,LII_xylG
C_Aromatics,C_Catechol degradation,C_Catechol degradation II (meta-cleavage pathway),P23107,LII_xylJ
C_Aromatics,C_Catechol degradation,C_Catechol degradation II (meta-cleavage pathway),P49155,LII_xylI
C_Aromatics,C_Catechol degradation,C_Catechol degradation II (meta-cleavage pathway),P51019,LII_xylK
C_Aromatics,C_Catechol degradation,C_Catechol degradation II (meta-cleavage pathway),Q01468,LII_xylH
C_Aromatics,C_Catechol degradation,C_Catechol degradation III (ortho-cleavage pathway),P00948,LIII_catC
C_Aromatics,C_Catechol degradation,C_Catechol degradation III (ortho-cleavage pathway),P08310,LIII_catB
C_Aromatics,C_Catechol degradation,C_Catechol degradation III (ortho-cleavage pathway),P0A102,LIII_pcaJ
C_Aromatics,C_Catechol degradation,C_Catechol degradation III (ortho-cleavage pathway),Q51956,LIII_pcaF
C_Aromatics,C_Catechol degradation,C_Catechol degradation III (ortho-cleavage pathway),Q88N36,LIII_pcaD
C_Aromatics,C_Catechol degradation,C_Catechol degradation III (ortho-cleavage pathway),Q9AEQ0,LIII_catA
C_Aromatics,C_Catechol_degradation,C_Catechol_degradation_meta-cleavage,P54721,catE
C_Aromatics,C_Catechol_degradation,C_Catechol_degradation_ortho-cleavage,O33950,catA
C_Aromatics,C_Catechol_degradation,C_Catechol_degradation_ortho-cleavage,P86029,catA
C_Aromatics,C_Catechol_degradation,C_Catechol_degradation_ortho-cleavage,P95607,catA
C_Aromatics,C_Catechol_degradation,C_Catechol_degradation_ortho-cleavage,P20370,pcaC
C_Aromatics,C_Catechol_degradation,C_Catechol_degradation_ortho-cleavage,F8J4S2,catC
C_Aromatics,C_Catechol_degradation,C_Catechol_degradation_ortho-cleavage,GOM3_catA,catA
C_Aromatics,C_Catechol_degradation,C_Catechol_degradation_ortho-cleavage,GOM3_catC,catC
C_Aromatics,C_Catechol_degradation,C_Catechol_degradation_ortho-cleavage,GOM3_catB,catB
C_Aromatics,C_Chlorobenzene_degradation,C_Chlorobenzene_degradation,Q52384,tcbAb
C_Aromatics,C_Chlorocatechol_degradation,C_Chlorocatechol_degradation,P0A396,tfdC
C_Aromatics,C_Chlorocatechol_degradation,C_Chlorocatechol_degradation,P0A397,tfdC
C_Aromatics,C_Chlorocatechol_degradation,C_Chlorocatechol_degradation,P11451,clcA
C_Aromatics,C_Chlorocatechol_degradation,C_Chlorocatechol_degradation,P27098,tcbC
C_Aromatics,C_Chlorocatechol_degradation,C_Chlorocatechol_degradation,O67987,clcA
C_Aromatics,C_Dibenzofuran_degradation,C_Dibenzofuran_degradation,P47243,dbfB
C_Aromatics,C_Dibenzothiophene degradation,C_Dibenzothiophene degradation,P0A108,N_doxG
C_Aromatics,C_Dibenzothiophene degradation,C_Dibenzothiophene degradation,P0A111,N_doxB
C_Aromatics,C_Dibenzothiophene degradation,C_Dibenzothiophene degradation,P0A113,N_doxD
C_Aromatics,C_Dibenzothiophene degradation,C_Dibenzothiophene degradation,P0A170,N_doxE
C_Aromatics,C_Dibenzothiophene degradation,C_Dibenzothiophene degradation,P0A186,N_doxA
C_Aromatics,C_Dibenzothiophene degradation,C_Dibenzothiophene degradation,Q0ZIH5,N_dszC
C_Aromatics,C_Dibenzothiophene degradation,C_Dibenzothiophene degradation,Q9R9Y8,N_nahB
C_Aromatics,C_Dimethylbenzene,C_Dimethylbenzene degradation,P21395,O_xylM
C_Aromatics,C_Dimethylbenzene,C_Dimethylbenzene degradation,P39849,O_xylB
C_Aromatics,C_Dimethylbenzene,C_Dimethylbenzene degradation,P43503,O_xylC
C_Aromatics,C_Fluorene degradation,C_Fluorene degradation I,P0A110,P_ndoB_nahAC
C_Aromatics,C_Fluorene degradation,C_Fluorene degradation I,P0A112,P_ndoC_nahAD
C_Aromatics,C_Fluorene degradation,C_Fluorene degradation I,P0A185,P_ndoA_nahAB
C_Aromatics,C_Fluorene degradation,C_Fluorene degradation I,Q52126,P_ndoR_nahAA
C_Aromatics,C_Fluorene degradation,C_Fluorene degradation I,Q93UV4,P_flnB
C_Aromatics,C_Gallate_degradation,C_Gallate_degradation,E8ZB61 ,galT
C_Aromatics,C_Gallate_degradation,C_Gallate_degradation,Q5NTE5,desB
C_Aromatics,C_Gallate_degradation,C_Gallate_degradation,Q88JX5,galA
C_Aromatics,C_Gallate_degradation,C_Gallate_degradation,Q88JX6,galP
C_Aromatics,C_Gallate_degradation,C_Gallate_degradation,Q88JX7,galR
C_Aromatics,C_Gallate_degradation,C_Gallate_degradation,Q88JX8,galB
C_Aromatics,C_Gallate_degradation,C_Gallate_degradation,Q88JX9,galC
C_Aromatics,C_Gallate_degradation,C_Gallate_degradation,Q88JY0,galD
C_Aromatics,C_Gentisate degradation,C_Gentisate degradation I,O86041,RI_nagI
C_Aromatics,C_Gentisate degradation,C_Gentisate degradation I,O86042,RI_nagK
C_Aromatics,C_Gentisate degradation,C_Gentisate degradation I,O86043,RI_nagL
C_Aromatics,C_Gentisate degradation,C_Gentisate degradation I,Q7X284,RI_sdgD
C_Aromatics,C_Gentisate degradation,C_Gentisate degradation I,Q9S3U6,RI_xlnE
C_Aromatics,C_Gentisate degradation,C_Gentisate degradation II,Q0QFQ2,RII_hbzE
C_Aromatics,C_Gentisate degradation,C_Gentisate degradation II,Q0QFQ3,RII_hbzF
C_Aromatics,C_Gentisate degradation,C_Gentisate degradation II,Q9S3U6,RII_xlnE
C_Aromatics,C_Gentisate_degradation,C_Gentisate_degradation,Q9F131,xlnD
C_Aromatics,C_Gentisate_degradation,C_Gentisate_degradation,GOM3_xlnE,xlnE
C_Aromatics,C_Gentisate_degradation,C_Gentisate_degradation,GOM3_nagL,nagL
C_Aromatics,C_Gentisate_degradation,C_Gentisate_degradation,GOM3_nagK,nagK
C_Aromatics,C_Homogentisate_degradation,C_Homogentisate_degradation,Q88E47,hmgA
C_Aromatics,C_Homogentisate_degradation,C_Homogentisate_degradation,B0T816,hmgA
C_Aromatics,C_Homogentisate_degradation,C_Homogentisate_degradation,B9JHZ9,hmgA
C_Aromatics,C_Homogentisate_degradation,C_Homogentisate_degradation,Q2NYM7,hmgA
C_Aromatics,C_Homogentisate_degradation,C_Homogentisate_degradation,Q4WHT9,hmgA
C_Aromatics,C_Homogentisate_degradation,C_Homogentisate_degradation,Q54QI4,hmgA
C_Aromatics,C_Homogentisate_degradation,C_Homogentisate_degradation,Q5RF05,hmgA
C_Aromatics,C_Homogentisate_degradation,C_Homogentisate_degradation,Q5WX50,hmgA
C_Aromatics,C_Homogentisate_degradation,C_Homogentisate_degradation,Q62I34,hmgA
C_Aromatics,C_Homogentisate_degradation,C_Homogentisate_degradation,Q6N0T9,hmgA
C_Aromatics,C_Homogentisate_degradation,C_Homogentisate_degradation,Q7WNZ3,hmgA
C_Aromatics,C_Homogentisate_degradation,C_Homogentisate_degradation,Q89XH1,hmgA
C_Aromatics,C_Homogentisate_degradation,C_Homogentisate_degradation,Q9VKJ0,hmgA
C_Aromatics,C_Homogentisate_degradation,C_Homogentisate_degradation,Q9X4F5,hmgA
C_Aromatics,C_Homogentisate_degradation,C_Homogentisate_degradation,Q9X4G0,hmgA
C_Aromatics,C_Homogentisate_degradation,C_Homogentisate_degradation,Q9Y041,hmgA
C_Aromatics,C_Homoprotocathechuate_degradation,C_Homoprotocathechuate_degradation,P42269,hpcC
C_Aromatics,C_Homoprotocathechuate_degradation,C_Homoprotocathechuate_degradation,Q05353,hpcB
C_Aromatics,C_Homoprotocathechuate_degradation,C_Homoprotocathechuate_degradation,P37352,hpcE
C_Aromatics,C_Homoprotocathechuate_degradation,C_Homoprotocathechuate_degradation,P42270,hpcG
C_Aromatics,C_Homoprotocathechuate_degradation,C_Homoprotocathechuate_degradation,Q05354,hpcD
C_Aromatics,C_Homoprotocathechuate_degradation,C_Homoprotocathechuate_degradation,Q47098,hpcH
C_Aromatics,C_Naphthalene degradation,C_Naphthalene degradation,P0A108,T_doxG
C_Aromatics,C_Naphthalene degradation,C_Naphthalene degradation,P0A110,T_ndoB_nahAC
C_Aromatics,C_Naphthalene degradation,C_Naphthalene degradation,P0A111,T_doxB
C_Aromatics,C_Naphthalene degradation,C_Naphthalene degradation,P0A112,T_ndoC_nahAD
C_Aromatics,C_Naphthalene degradation,C_Naphthalene degradation,P0A113,T_doxD
C_Aromatics,C_Naphthalene degradation,C_Naphthalene degradation,P0A144,T_nahE
C_Aromatics,C_Naphthalene degradation,C_Naphthalene degradation,P0A170,T_doxE
C_Aromatics,C_Naphthalene degradation,C_Naphthalene degradation,P0A185,T_ndoA_nahAB
C_Aromatics,C_Naphthalene degradation,C_Naphthalene degradation,P0A186,T_doxA
C_Aromatics,C_Naphthalene degradation,C_Naphthalene degradation,P0A391,T_nahF
C_Aromatics,C_Naphthalene degradation,C_Naphthalene degradation,Q51948,T_nahD
C_Aromatics,C_Naphthalene degradation,C_Naphthalene degradation,Q52126,T_ndoR_nahAA
C_Aromatics,C_Naphthalene degradation,C_Naphthalene degradation,Q7B7H7,T_nahC
C_Aromatics,C_Naphthalene degradation,C_Naphthalene degradation,Q9R9Y8,T_nahB
C_Aromatics,C_p-Cumate_degradation,C_p-Cumate_degradation,P0C622,cmtB
C_Aromatics,C_p-Cumate_degradation,C_p-Cumate_degradation,Q51973,cmtAa
C_Aromatics,C_p-Cumate_degradation,C_p-Cumate_degradation,Q51974,cmtAb
C_Aromatics,C_p-Cumate_degradation,C_p-Cumate_degradation,Q51975,cmtAc
C_Aromatics,C_p-Cumate_degradation,C_p-Cumate_degradation,Q51978,cmtAd
C_Aromatics,C_Phenanthrene degradation,C_Phenanthrene degradation,O24721,V_phdI
C_Aromatics,C_Phenanthrene degradation,C_Phenanthrene degradation,Q79EM7,V_phdK
C_Aromatics,C_Phenanthrene degradation,C_Phenanthrene degradation,Q79EM8,V_phdJ
C_Aromatics,C_Phenanthrene_degradation,C_Phenanthrene_degradation,B0BK98,diox1
C_Aromatics,C_Phenanthrene_degradation,C_Phenanthrene_degradation,B0BK99,diox2
C_Aromatics,C_Phenanthrene_degradation,C_Phenanthrene_degradation,Q9WXG7,phnB
C_Aromatics,C_Phenol degradation,C_Phenol degradation I,P19729,W_dmpK
C_Aromatics,C_Phenol degradation,C_Phenol degradation I,P19730,W_dmpL
C_Aromatics,C_Phenol degradation,C_Phenol degradation I,P19731,W_dmpM
C_Aromatics,C_Phenol degradation,C_Phenol degradation I,P19732,W_dmpN
C_Aromatics,C_Phenol degradation,C_Phenol degradation I,P19733,W_dmpO
C_Aromatics,C_Phenol degradation,C_Phenol degradation I,P19734,W_dmpP
C_Aromatics,C_Phenylacetate degradation,C_Phenylacetate degradation I,O33469,X_paaK
C_Aromatics,C_Phenylacetate degradation,C_Phenylacetate degradation I,P76077,X_paaA
C_Aromatics,C_Phenylacetate degradation,C_Phenylacetate degradation I,P76078,X_paaB
C_Aromatics,C_Phenylacetate degradation,C_Phenylacetate degradation I,P76079,X_paaC
C_Aromatics,C_Phenylacetate degradation,C_Phenylacetate degradation I,P76080,X_paaD
C_Aromatics,C_Phenylacetate degradation,C_Phenylacetate degradation I,P76081,X_paaE
C_Aromatics,C_Phenylacetate degradation,C_Phenylacetate degradation I,P76085,X_paaK
C_Aromatics,C_Phthalate degradation,C_Phthalate degradation I,ABG99207.1,YI_padAd1
C_Aromatics,C_Phthalate degradation,C_Phthalate degradation I,ABG99211.1,YI_padAb1
C_Aromatics,C_Phthalate degradation,C_Phthalate degradation I,ABG99212.1,YI_padAa1
C_Aromatics,C_Phthalate degradation,C_Phthalate degradation I,ABH00404.1,YI_padB2
C_Aromatics,C_Phthalate degradation,C_Phthalate degradation I,ABH00407.1,YI_padC2
C_Aromatics,C_Phthalate degradation,C_Phthalate degradation I,Q68YB3,YI_padAc1
C_Aromatics,C_Phthalate degradation,C_Phthalate degradation II,Q05182,YII_pht2
C_Aromatics,C_Phthalate degradation,C_Phthalate degradation II,Q05183,YII_pht3
C_Aromatics,C_Phthalate degradation,C_Phthalate degradation II,Q05184,YII_pht4
C_Aromatics,C_Phthalate degradation,C_Phthalate degradation II,Q05185,YII_pht5
C_Aromatics,C_Protocatechuate degradation,C_Protocatechuate degradation I (meta-cleavage pathway),P22635,ZI_ligA
C_Aromatics,C_Protocatechuate degradation,C_Protocatechuate degradation I (meta-cleavage pathway),P22636,ZI_ligB
C_Aromatics,C_Protocatechuate degradation,C_Protocatechuate degradation I (meta-cleavage pathway),Q75T27,ZI_proD
C_Aromatics,C_Protocatechuate degradation,C_Protocatechuate degradation I (meta-cleavage pathway),Q75T30,ZI_proL
C_Aromatics,C_Protocatechuate degradation,C_Protocatechuate degradation I (meta-cleavage pathway),Q9AQI0,ZI_proA
C_Aromatics,C_Protocatechuate degradation,C_Protocatechuate degradation I (meta-cleavage pathway),Q9AQI1,ZI_proH
C_Aromatics,C_Protocatechuate degradation,C_Protocatechuate degradation I (meta-cleavage pathway),Q9KWL3,ZI_ligC
C_Aromatics,C_Protocatechuate degradation,C_Protocatechuate degradation II (ortho-cleavage pathway),P00436,ZII_pcaG
C_Aromatics,C_Protocatechuate degradation,C_Protocatechuate degradation II (ortho-cleavage pathway),P00437,ZII_pcaH
C_Aromatics,C_Protocatechuate degradation,C_Protocatechuate degradation II (ortho-cleavage pathway),P32427,ZII_pcaB
C_Aromatics,C_Protocatechuate degradation,C_Protocatechuate degradation II (ortho-cleavage pathway),Q01103,ZII_pcaI
C_Aromatics,C_Protocatechuate degradation,C_Protocatechuate degradation II (ortho-cleavage pathway),Q88N36,ZII_pcaD
C_Aromatics,C_Protocatechuate degradation,C_Protocatechuate degradation III (para-cleavage pathway),C4TP01,ZIII_praA
C_Aromatics,C_Protocatechuate degradation,C_Protocatechuate degradation III (para-cleavage pathway),C4TP02,ZIII_praB
C_Aromatics,C_Protocatechuate degradation,C_Protocatechuate degradation III (para-cleavage pathway),C4TP06,ZIII_praD
C_Aromatics,C_Protocatechuate degradation,C_Protocatechuate degradation III (para-cleavage pathway),C4TP07,ZIII_praC
C_Aromatics,C_Protocatechuate degradation,C_Protocatechuate degradation III (para-cleavage pathway),C4TP08,ZIII_praH
C_Aromatics,C_Protocathechuate_degradation,C_Protocathechuate_degradation,P15109,pcaG
C_Aromatics,C_Protocathechuate_degradation,C_Protocathechuate_degradation,P15110,pcaH
C_Aromatics,C_Protocathechuate_degradation,C_Protocathechuate_degradation,P20371,pcaG
C_Aromatics,C_Protocathechuate_degradation,C_Protocathechuate_degradation,P20372,pcaH
C_Aromatics,C_Protocathechuate_degradation,C_Protocathechuate_degradation,GOM3_pcaR,pcaR
C_Aromatics,C_Protocathechuate_degradation,C_Protocathechuate_degradation,GOM3_pcaJ,pcaJ
C_Aromatics,C_Protocathechuate_degradation,C_Protocathechuate_degradation,GOM3_pcaI,pcaI
C_Aromatics,C_Protocathechuate_degradation,C_Protocathechuate_degradation,GOM3_pcaF,pcaF
C_Aromatics,C_Protocathechuate_degradation,C_Protocathechuate_degradation,GOM3_pcaC,pcaC
C_Aromatics,C_Protocathechuate_degradation,C_Protocathechuate_degradation,GOM3_pcaD,pcaD
C_Aromatics,C_Protocathechuate_degradation,C_Protocathechuate_degradation,GOM3_pcaB,pcaB
C_Aromatics,C_Protocathechuate_degradation,C_Protocathechuate_degradation,GOM3_pcaG,pcaG
C_Aromatics,C_Protocathechuate_degradation,C_Protocathechuate_degradation,GOM3_pcaH,pcaH
C_Aromatics,C_Pyrene_degradation,C_Pyrene_degradation,A0A8F5VS38,nidA
C_Aromatics,C_Pyrene_degradation,C_Pyrene_degradation,A0A8F5VT75,nidB
C_Aromatics,C_Pyrene_degradation,C_Pyrene_degradation,I6V2D0,pydB
C_Aromatics,C_Pyrene_degradation,C_Pyrene_degradation,I6VBV2,pydA
C_Aromatics,C_Salicylate degradation,C_Salicylate degradation I,P23262,ZZAI_nahG
C_Aromatics,C_Salicylate degradation,C_Salicylate degradation I,Q0VH44,ZZAI_salA
C_Aromatics,C_Salicylate degradation,C_Salicylate degradation I,Q9ZI64,ZZAI_nahW
C_Aromatics,C_Salicylate degradation,C_Salicylate degradation II,O52379,ZZAII_nagG
C_Aromatics,C_Salicylate degradation,C_Salicylate degradation II,O52380,ZZAII_nagH
C_Aromatics,C_Salicylate degradation,C_Salicylate degradation III,P0CT50,ZZAIII_sdc
C_Aromatics,C_Salicylate degradation,C_Salicylate degradation IV,Q7X279,ZZAIV_sdgA
C_Aromatics,C_Salicylate degradation,C_Salicylate degradation IV,Q7X280,ZZAIV_sdgB
C_Aromatics,C_Salicylate degradation,C_Salicylate degradation IV,Q7X281,ZZAIV_sdgC
C_Aromatics,C_Salicylate degradation,C_Salicylate degradation IV,Q7X284,ZZAIV_sdgD
C_Aromatics,C_Styrene degradation,C_Styrene degradation,O06834,ZZB_styA
C_Aromatics,C_Styrene degradation,C_Styrene degradation,O06835,ZZB_styB
C_Aromatics,C_Styrene degradation,C_Styrene degradation,O33471,ZZB_styA
C_Aromatics,C_Toluene degradation,C_Superpathway of aerobic toluene degradation,A3RJV6,ZZD_dpgC
C_Aromatics,C_Toluene degradation,C_Superpathway of aerobic toluene degradation,A5W4E9,ZZD_todA
C_Aromatics,C_Toluene degradation,C_Superpathway of aerobic toluene degradation,A5W4F0,ZZD_todB
C_Aromatics,C_Toluene degradation,C_Superpathway of aerobic toluene degradation,O52642,ZZD_ntnC
C_Aromatics,C_Toluene degradation,C_Superpathway of aerobic toluene degradation,P00438,ZZD_pobA
C_Aromatics,C_Toluene degradation,C_Superpathway of aerobic toluene degradation,P09787,ZZD_pchC
C_Aromatics,C_Toluene degradation,C_Superpathway of aerobic toluene degradation,P09788,ZZD_pchF
C_Aromatics,C_Toluene degradation,C_Superpathway of aerobic toluene degradation,P13453,ZZD_todE
C_Aromatics,C_Toluene degradation,C_Superpathway of aerobic toluene degradation,P13859,ZZD_todD
C_Aromatics,C_Toluene degradation,C_Superpathway of aerobic toluene degradation,P21395,ZZD_xylM
C_Aromatics,C_Toluene degradation,C_Superpathway of aerobic toluene degradation,P23133,ZZD_todF
C_Aromatics,C_Toluene degradation,C_Superpathway of aerobic toluene degradation,P39849,ZZD_xylB
C_Aromatics,C_Toluene degradation,C_Superpathway of aerobic toluene degradation,P43503,ZZD_xylC
C_Aromatics,C_Toluene degradation,C_Superpathway of aerobic toluene degradation,Q00456,ZZD_tmoA
C_Aromatics,C_Toluene degradation,C_Superpathway of aerobic toluene degradation,Q00457,ZZD_tmoB
C_Aromatics,C_Toluene degradation,C_Superpathway of aerobic toluene degradation,Q00458,ZZD_tmoC
C_Aromatics,C_Toluene degradation,C_Superpathway of aerobic toluene degradation,Q00459,ZZD_tmoD
C_Aromatics,C_Toluene degradation,C_Superpathway of aerobic toluene degradation,Q00460,ZZD_tmoE
C_Aromatics,C_Toluene degradation,C_Superpathway of aerobic toluene degradation,Q03304,ZZD_tmoF
C_Aromatics,C_Toluene degradation,C_Superpathway of aerobic toluene degradation,Q59702,ZZD_pchA
C_Aromatics,C_Toluene degradation,C_Superpathway of aerobic toluene degradation,Q84DC3,ZZD_mdlD
C_Aromatics,C_Toluene degradation,C_Superpathway of aerobic toluene degradation,Q8VSV8,ZZD_tomA3
C_Aromatics,C_Toluene degradation,C_Superpathway of aerobic toluene degradation,Q9ANX0,ZZD_tomA5
C_Aromatics,C_Toluene degradation,C_Superpathway of aerobic toluene degradation,Q9ANX1,ZZD_tomA4
C_Aromatics,C_Toluene degradation,C_Superpathway of aerobic toluene degradation,Q9ANX3,ZZD_tomA2
C_Aromatics,C_Toluene degradation,C_Superpathway of aerobic toluene degradation,Q9ANX4,ZZD_tomA1
C_Aromatics,C_Toluene degradation,C_Superpathway of aerobic toluene degradation,Q9R9T1,ZZD_pobA
C_Aromatics,C_Terephthalate degradation,C_Terephthalate degradation,Q3C1E0,ZZC_tphA1I
C_Aromatics,C_Terephthalate degradation,C_Terephthalate degradation,Q3C1E1,ZZC_tphB
C_Aromatics,C_Terephthalate degradation,C_Terephthalate degradation,Q3C1E2,ZZC_tphA3I
C_Aromatics,C_Terephthalate degradation,C_Terephthalate degradation,Q3C1E3,ZZC_tphA2I
D_Polymers,D_3PET,D_3PET,GEN0105,A_GEN0105
D_Polymers,D_LDPE,D_LDPE,PElaccase,B_lac
D_Polymers,D_NR,D_NR,A0A0M4UPQ3,C_latA
D_Polymers,D_NR,D_NR,A0A1S6Q8F9,C_roxB
D_Polymers,D_NR,D_NR,Q3L8N0,C_lcp
D_Polymers,D_NR,D_NR,Q7X0P3,C_roxA
D_Polymers,D_NR,D_NR,A0A975YYR5,lcp
D_Polymers,D_NR,D_NR,A0A975YYT9,lcp
D_Polymers,D_NR,D_NR,H6N162,lcp
D_Polymers,D_NR,D_NR,H6N4Z1,lcp
D_Polymers,D_Nylon,D_Nylon,P07061,D_nylB
D_Polymers,D_Nylon,D_Nylon,P13397,D_nylA
D_Polymers,D_Nylon,D_Nylon,P13398,D_nylA
D_Polymers,D_Nylon,D_Nylon,Q14T91,D_nylB
D_Polymers,D_Nylon,D_Nylon,Q14T92,D_nylC
D_Polymers,D_Nylon,D_Nylon,Q14TA0,D_nylB
D_Polymers,D_Nylon,D_Nylon,Q1EPR4,D_nylC
D_Polymers,D_Nylon,D_Nylon,Q1EPR5,D_nylC
D_Polymers,D_Nylon,D_Nylon,Q5YVW2,D_NFA_28320
D_Polymers,D_Nylon,D_Nylon,Q79F77,D_nylC
D_Polymers,D_O-PVA,D_O-PVA,Q588Z2,E_oph
D_Polymers,D_O-PVA,D_O-PVA,Q9LCQ7,E_pvaB
D_Polymers,D_P3HP,D_P3HP,O05527,F_phaZCac
D_Polymers,D_P3HP,D_P3HP,O82950,F_phaZpst
D_Polymers,D_P3HP,D_P3HP,P12625,F_phaZ
D_Polymers,D_P3HV,D_P3HV,V5YU56,G_hbd
D_Polymers,D_P4HB,D_P4HB,O05527,H_phaZCac
D_Polymers,D_P4HB,D_P4HB,O82950,H_phaZpst
D_Polymers,D_P4HB,D_P4HB,P12625,H_phaZ
D_Polymers,D_PBAT,D_PBAT,A0A145Z9W5,I_est
D_Polymers,D_PBAT,D_PBAT,A0A1C9T772,I_est
D_Polymers,D_PBAT,D_PBAT,A0A1C9T784,I_est
D_Polymers,D_PBAT,D_PBAT,A0A1C9T7D1,I_est
D_Polymers,D_PBAT,D_PBAT,A0A1C9T7D3,I_est
D_Polymers,D_PBAT,D_PBAT,A0A1C9T7G6,I_est
D_Polymers,D_PBAT,D_PBAT,A0A1C9T884,I_est
D_Polymers,D_PBAT,D_PBAT,AKZ20828,I_estA
D_Polymers,D_PBAT,D_PBAT,AKZ20829,I_estA
D_Polymers,D_PBAT,D_PBAT,D3AU79,I_CLOSTHATH_07193
D_Polymers,D_PBAT,D_PBAT,I9L7C1,I_FB4_0780
D_Polymers,D_PBAT,D_PBAT,W0TJ64,I_cut190
D_Polymers,D_PBAT,D_PBAT,A0A1E1FNX8,pbath
D_Polymers,D_PBAT,D_PBAT,A0A7I8E2Z4,pbath
D_Polymers,D_PBAT,D_PBAT,UPI000731EA1F,est
D_Polymers,D_PBS,D_PBS,A4UZ10,J_plaM4
D_Polymers,D_PBS,D_PBS,A4UZ12,J_plaM7
D_Polymers,D_PBS,D_PBS,A4UZ14,J_plaM9
D_Polymers,D_PBS,D_PBS,P19833,J_lip1
D_Polymers,D_PBS,D_PBS,P52956,J_cutL
D_Polymers,D_PBS,D_PBS,Q874E9,J_CLE1
D_Polymers,D_PBS,D_PBS,Q8RR62,J_pbsA
D_Polymers,D_PBS,D_PBS,S6BC01,J_PaCLE1
D_Polymers,D_PBS,D_PBS,W0TJ64,J_cut190
D_Polymers,D_PBS,D_PBS,Q99174,cut
D_Polymers,D_PBSA,D_PBSA,A4UZ10,K_plaM4
D_Polymers,D_PBSA,D_PBSA,A4UZ12,K_plaM7
D_Polymers,D_PBSA,D_PBSA,A4UZ14,K_plaM9
D_Polymers,D_PBSA,D_PBSA,EF189714,K_lipA
D_Polymers,D_PBSA,D_PBSA,P52956,K_cutL
D_Polymers,D_PBSA,D_PBSA,Q0VLQ1,K_ABO_2449
D_Polymers,D_PBSA,D_PBSA,Q0VQ49,K_estC
D_Polymers,D_PBSA,D_PBSA,Q0VQA3,K_ABO_1197
D_Polymers,D_PBSA,D_PBSA,Q6N9M9,K_RPA1511
D_Polymers,D_PBSA,D_PBSA,S6BC01,K_PaCLE1
D_Polymers,D_PBSA,D_PBSA,T1W006,K_est
D_Polymers,D_PBSA,D_PBSA,W0TJ64,K_cut190
D_Polymers,D_PCL,D_PCL,3GBS_A,L_cutL
D_Polymers,D_PCL,D_PCL,5AJH_A,L_cut
D_Polymers,D_PCL,D_PCL,7NEI_B,L_peth
D_Polymers,D_PCL,D_PCL,A0A0C1F4U8,L_OA86_11720
D_Polymers,D_PCL,D_PCL,A0A0G3BI90,L_AAW51_2473
D_Polymers,D_PCL,D_PCL,A0A0W0F4B8,L_WG66_16246
D_Polymers,D_PCL,D_PCL,A0A1M6F5V0,L_SAMN04487908_10753
D_Polymers,D_PCL,D_PCL,A0A1Z2SIQ1,L_BSQ33_03270
D_Polymers,D_PCL,D_PCL,A0A679PDB4,L_pclh
D_Polymers,D_PCL,D_PCL,A4UZ10,L_plaM4
D_Polymers,D_PCL,D_PCL,A4UZ12,L_plaM7
D_Polymers,D_PCL,D_PCL,A4UZ14,L_plaM9
D_Polymers,D_PCL,D_PCL,A6WFI5,L_cut
D_Polymers,D_PCL,D_PCL,B0FLR6,L_PLAase2
D_Polymers,D_PCL,D_PCL,C3RYL0,L_lipIAF5-2
D_Polymers,D_PCL,D_PCL,D1A2H1,L_Tcur_0390
D_Polymers,D_PCL,D_PCL,D4Q9N1,L_est1
D_Polymers,D_PCL,D_PCL,E9KJL1,L_cutA
D_Polymers,D_PCL,D_PCL,F7IX06,L_est2
D_Polymers,D_PCL,D_PCL,G9BY57,L_cut
D_Polymers,D_PCL,D_PCL,GEN0105,L_GEN0105
D_Polymers,D_PCL,D_PCL,P19833,L_lip1
D_Polymers,D_PCL,D_PCL,P19833,L_lip1
D_Polymers,D_PCL,D_PCL,Q0VLQ1,L_ABO_2449
D_Polymers,D_PCL,D_PCL,Q0VQA3,L_ABO_1197
D_Polymers,D_PCL,D_PCL,Q6N9M9,L_RPA1511
D_Polymers,D_PCL,D_PCL,Q6UFW4,L_phaZ
D_Polymers,D_PCL,D_PCL,Q874E9,L_CLE1
D_Polymers,D_PCL,D_PCL,Q96US9,L_cut3
D_Polymers,D_PCL,D_PCL,Q96UT0,L_cut2
D_Polymers,D_PCL,D_PCL,Q9RHU4,L_chi25
D_Polymers,D_PCL,D_PCL,R4YKL9,L_lipA
D_Polymers,D_PCL,D_PCL,S6BC01,L_PaCLE1
D_Polymers,D_PCL,D_PCL,T1W006,L_est
D_Polymers,D_PCL,D_PCL,W0TJ64,L_cut190
D_Polymers,D_PCL,D_PCL,WP_111881932.1,L_est
D_Polymers,D_PE,D_PE,Q02567,M_mnp1
D_Polymers,D_PEA,D_PEA,O05527,N_phaZCac
D_Polymers,D_PEA,D_PEA,O82950,N_phaZpst
D_Polymers,D_PEA,D_PEA,P12625,N_phaZ
D_Polymers,D_PEG,D_PEG,A9ZLZ8,O_pegC
D_Polymers,D_PEG,D_PEG,A9ZM00,O_pegA
D_Polymers,D_PES,D_PES,A0A0W0F4B8,P_WG66_16246
D_Polymers,D_PES,D_PES,A4UZ10,P_plaM4
D_Polymers,D_PES,D_PES,A4UZ12,P_plaM7
D_Polymers,D_PES,D_PES,A4UZ14,P_plaM9
D_Polymers,D_PES,D_PES,O05527,P_phaZCac
D_Polymers,D_PES,D_PES,O82950,P_phaZpst
D_Polymers,D_PES,D_PES,P12625,P_phaZ
D_Polymers,D_PES,D_PES,Q0VLQ1,P_ABO_2449
D_Polymers,D_PET,D_PET,2FX5_A,Q_cut
D_Polymers,D_PET,D_PET,5AJH_A,Q_cut
D_Polymers,D_PET,D_PET,7CUV_A,Q_peth
D_Polymers,D_PET,D_PET,7NEI_B,Q_peth
D_Polymers,D_PET,D_PET,A0A075B5G4,Q_cut
D_Polymers,D_PET,D_PET,A0A0C1F4U8,Q_OA86_11720
D_Polymers,D_PET,D_PET,A0A0G3BI90,Q_AAW51_2473
D_Polymers,D_PET,D_PET,A0A0K8P6T7,Q_ISF6_4831
D_Polymers,D_PET,D_PET,A0A0K8P8E7,Q_ISF6_0224
D_Polymers,D_PET,D_PET,A0A0W0F4B8,Q_WG66_16246
D_Polymers,D_PET,D_PET,A0A1B0Z6Y3,Q_lip
D_Polymers,D_PET,D_PET,A0A1H6AD45,Q_peth
D_Polymers,D_PET,D_PET,A0A1Z2SIQ1,Q_BSQ33_03270
D_Polymers,D_PET,D_PET,A0A2H5Z9R5,Q_HRbin29_00073
D_Polymers,D_PET,D_PET,ADV92528.1,Q_cut1
D_Polymers,D_PET,D_PET,C3RYL0,Q_lipIAF5-2
D_Polymers,D_PET,D_PET,D1A2H1,Q_Tcur_0390
D_Polymers,D_PET,D_PET,D1A9G5,Q_Tcur_1278
D_Polymers,D_PET,D_PET,D4Q9N1,Q_est1
D_Polymers,D_PET,D_PET,D7R6G8,Q_pnbA
D_Polymers,D_PET,D_PET,E9KJL1,Q_cutA
D_Polymers,D_PET,D_PET,E9LVH7,Q_cut1
D_Polymers,D_PET,D_PET,E9LVH8,Q_cut1
D_Polymers,D_PET,D_PET,E9LVH9,Q_cut2
D_Polymers,D_PET,D_PET,G8GER6,Q_cut_1
D_Polymers,D_PET,D_PET,G9BY57,Q_cut
D_Polymers,D_PET,D_PET,H6WX58,Q_peth
D_Polymers,D_PET,D_PET,LT571440,Q_peth
D_Polymers,D_PET,D_PET,LT571441,Q_peth
D_Polymers,D_PET,D_PET,LT571442,Q_peth
D_Polymers,D_PET,D_PET,LT571443,Q_peth
D_Polymers,D_PET,D_PET,LT571444,Q_peth
D_Polymers,D_PET,D_PET,LT571445,Q_peth
D_Polymers,D_PET,D_PET,P00590,Q_cut1
D_Polymers,D_PET,D_PET,P19833,Q_lip1
D_Polymers,D_PET,D_PET,P41365,Q_lipB
D_Polymers,D_PET,D_PET,Q4W9V8,Q_AFUA_4G03560
D_Polymers,D_PET,D_PET,Q6A0I3,Q_bta2
D_Polymers,D_PET,D_PET,Q6A0I4,Q_cut2
D_Polymers,D_PET,D_PET,R4YKL9,Q_lipA
D_Polymers,D_PET,D_PET,W0TJ64,Q_cut190
D_Polymers,D_PET,D_PET,WP_085690612.1,Q_est
D_Polymers,D_PET,D_PET,WP_111881932.1,Q_est
D_Polymers,D_PET,D_PET,A031MKR8,cut
D_Polymers,D_PET,D_PET,A0A078MGG8,lip
D_Polymers,D_PET,D_PET,A0A1F4JXW8,DLH
D_Polymers,D_PET,D_PET,A0A1I6NU60,cut
D_Polymers,D_PET,D_PET,A0A1T4KK94,cut
D_Polymers,D_PET,D_PET,A0A1W6L588,DLH
D_Polymers,D_PET,D_PET,7QJM,peth
D_Polymers,D_PET,D_PET,E5BBQ2,peth
D_Polymers,D_PET,D_PET,E8U721,lip
D_Polymers,D_PET,D_PET,E9UPM2,lip
D_Polymers,D_PET,D_PET,Q47RJ6,cut
D_Polymers,D_PET,D_PET,Q47RJ7,cut
D_Polymers,D_PET,D_PET,W6R2Y2,est
D_Polymers,D_PET,D_PET,X0BTD8,cut
D_Polymers,D_PET,D_PET,UPI00001688FB,cut
D_Polymers,D_PET,D_PET,UPI00078146B5,peth
D_Polymers,D_PET,D_PET,UPI000CEE1D89,peth
D_Polymers,D_PET,D_PET,UPI0021FA591C,peth
D_Polymers,D_PET,D_PET,UPI002203F04A,peth
D_Polymers,D_PET,D_PET,UPI0024CD5ADA,peth
D_Polymers,D_PHA,D_PHA,A0A8W8,R_phaZ
D_Polymers,D_PHA,D_PHA,A4UZ10,R_plaM4
D_Polymers,D_PHA,D_PHA,A4UZ12,R_plaM7
D_Polymers,D_PHA,D_PHA,A4UZ14,R_plaM9
D_Polymers,D_PHA,D_PHA,B2NHN2,R_phaZPfu
D_Polymers,D_PHA,D_PHA,B6UQD9,R_phaZd
D_Polymers,D_PHA,D_PHA,H6WL44,R_phaZ
D_Polymers,D_PHA,D_PHA,KFJ10595,R_phaZ
D_Polymers,D_PHA,D_PHA,M9YBL3,R_AvCA6_03910
D_Polymers,D_PHA,D_PHA,O05527,R_phaZCac
D_Polymers,D_PHA,D_PHA,O24719,R_phaZ
D_Polymers,D_PHA,D_PHA,P12625,R_phaZ
D_Polymers,D_PHA,D_PHA,P19833,R_lip1
D_Polymers,D_PHA,D_PHA,P52090,R_phaZ1
D_Polymers,D_PHA,D_PHA,P72206,R_phaZ2
D_Polymers,D_PHA,D_PHA,P72207,R_phaZ3
D_Polymers,D_PHA,D_PHA,P94146,R_phaZ
D_Polymers,D_PHA,D_PHA,Q0JYJ1,R_phaZ7
D_Polymers,D_PHA,D_PHA,Q0JZG9,R_phaZ6
D_Polymers,D_PHA,D_PHA,Q0K2G9,R_phaZ5
D_Polymers,D_PHA,D_PHA,Q0K4D5,R_phaZ3
D_Polymers,D_PHA,D_PHA,Q0K7T2,R_phaZ2
D_Polymers,D_PHA,D_PHA,Q0K9H3,R_phaZ2
D_Polymers,D_PHA,D_PHA,Q0KBZ6,R_phaY2
D_Polymers,D_PHA,D_PHA,Q0KCI0,R_phaZ1
D_Polymers,D_PHA,D_PHA,Q0VLQ1,R_ABO_2449
D_Polymers,D_PHA,D_PHA,Q2RSX6,R_Rru_A1969
D_Polymers,D_PHA,D_PHA,Q3EMN2,R_RBTH_03267
D_Polymers,D_PHA,D_PHA,Q51718,R_phaZ
D_Polymers,D_PHA,D_PHA,Q51870,R_phaZ4
D_Polymers,D_PHA,D_PHA,Q51871,R_phaZ5
D_Polymers,D_PHA,D_PHA,Q52155,R_pDS-PS
D_Polymers,D_PHA,D_PHA,Q5YEW3,R_phaZ
D_Polymers,D_PHA,D_PHA,Q6MH49,R_phaZbd
D_Polymers,D_PHA,D_PHA,Q6UFW4,R_phaZ
D_Polymers,D_PHA,D_PHA,Q71KW6,R_phaZ
D_Polymers,D_PHA,D_PHA,Q7WXF6,R_phaZ
D_Polymers,D_PHA,D_PHA,Q874E9,R_CLE1
D_Polymers,D_PHA,D_PHA,Q8GRC2,R_phaZ
D_Polymers,D_PHA,D_PHA,Q939Q9,R_phaZ7
D_Polymers,D_PHA,D_PHA,Q9KIF2,R_fkbU
D_Polymers,D_PHA,D_PHA,Q9LBN6,R_phaZ
D_Polymers,D_PHA,D_PHA,Q9ZNH8,R_phaZ
D_Polymers,D_PHA,D_PHA,V5YT97,R_phaZc
D_Polymers,D_PHA,D_PHA,V5YU56,R_hbd
D_Polymers,D_PHA,D_PHA,W0TJ64,R_cut190
D_Polymers,D_PHB,D_PHB,A0A8W8,S_phaZ
D_Polymers,D_PHB,D_PHB,A4UZ10,S_plaM4
D_Polymers,D_PHB,D_PHB,A4UZ12,S_plaM7
D_Polymers,D_PHB,D_PHB,ALC24_4107,S_ALC24_4107
D_Polymers,D_PHB,D_PHB,B2NHN2,S_phaZPfu
D_Polymers,D_PHB,D_PHB,B6UQD9,S_phaZd
D_Polymers,D_PHB,D_PHB,H6WL44,S_phaZ
D_Polymers,D_PHB,D_PHB,KFJ10595,S_phaZ
D_Polymers,D_PHB,D_PHB,M9YBL3,S_AvCA6_03910
D_Polymers,D_PHB,D_PHB,O05527,S_phaZCac
D_Polymers,D_PHB,D_PHB,O24719,S_phaZ
D_Polymers,D_PHB,D_PHB,O82950,S_phaZpst
D_Polymers,D_PHB,D_PHB,P12625,S_phaZ
D_Polymers,D_PHB,D_PHB,P19833,S_lip1
D_Polymers,D_PHB,D_PHB,P52090,S_phaZ1
D_Polymers,D_PHB,D_PHB,P72206,S_phaZ2
D_Polymers,D_PHB,D_PHB,P72207,S_phaZ3
D_Polymers,D_PHB,D_PHB,P94146,S_phaZ
D_Polymers,D_PHB,D_PHB,Q0JYJ1,S_phaZ7
D_Polymers,D_PHB,D_PHB,Q0JZG9,S_phaZ6
D_Polymers,D_PHB,D_PHB,Q0K2G9,S_phaZ5
D_Polymers,D_PHB,D_PHB,Q0K4D5,S_phaZ3
D_Polymers,D_PHB,D_PHB,Q0K7T2,S_phaZ2
D_Polymers,D_PHB,D_PHB,Q0KBZ6,S_phaY2
D_Polymers,D_PHB,D_PHB,Q0KBZ6,S_phaY2
D_Polymers,D_PHB,D_PHB,Q0KCI0,S_phaZ1
D_Polymers,D_PHB,D_PHB,Q2RSX6,S_Rru_A1969
D_Polymers,D_PHB,D_PHB,Q3EMN2,S_RBTH_03267
D_Polymers,D_PHB,D_PHB,Q51870,S_phaZ4
D_Polymers,D_PHB,D_PHB,Q51871,S_phaZ5
D_Polymers,D_PHB,D_PHB,Q52155,S_pDS-PS
D_Polymers,D_PHB,D_PHB,Q5YEW3,S_phaZ
D_Polymers,D_PHB,D_PHB,Q71KW6,S_phaZ
D_Polymers,D_PHB,D_PHB,Q7WXF6,S_phaZ
D_Polymers,D_PHB,D_PHB,Q874E9,S_CLE1
D_Polymers,D_PHB,D_PHB,Q8GRC2,S_phaZ
D_Polymers,D_PHB,D_PHB,Q939Q9,S_phaZ7
D_Polymers,D_PHB,D_PHB,Q9KIF2,S_fkbU
D_Polymers,D_PHB,D_PHB,Q9LBN6,S_phaZ
D_Polymers,D_PHB,D_PHB,Q9ZNH8,S_phaZ
D_Polymers,D_PHB,D_PHB,V5YT97,S_phaZc
D_Polymers,D_PHB,D_PHB,W0TJ64,S_cut190
D_Polymers,D_PHB,D_PHB,Afu4g03560,S_phaZ
D_Polymers,D_PHBV,D_PHBV,B6UQD9,T_phaZd
D_Polymers,D_PHBV,D_PHBV,Q0VLQ1,T_ABO_2449
D_Polymers,D_PHBV,D_PHBV,Q6UFW4,T_phaZ
D_Polymers,D_PHBV,D_PHBV,V5YU56,T_hbd
D_Polymers,D_PHO,D_PHO,Q51718,U_phaZ
D_Polymers,D_PHPV,D_PHPV,Q6UFW4,V_phaZ
D_Polymers,D_PLA,D_PLA,A4UZ10,W_plaM4
D_Polymers,D_PLA,D_PLA,A4UZ11,W_plaM5
D_Polymers,D_PLA,D_PLA,A4UZ12,W_plaM7
D_Polymers,D_PLA,D_PLA,A4UZ14,W_plaM9
D_Polymers,D_PLA,D_PLA,B0FY08,W_PLAase3
D_Polymers,D_PLA,D_PLA,E9LVH8,W_cut1
D_Polymers,D_PLA,D_PLA,E9LVH9,W_cut2
D_Polymers,D_PLA,D_PLA,GEN0105,W_GEN0105
D_Polymers,D_PLA,D_PLA,P00780,W_subC
D_Polymers,D_PLA,D_PLA,P06873,W_PROK
D_Polymers,D_PLA,D_PLA,P19833,W_lip1
D_Polymers,D_PLA,D_PLA,P29599,W_SUBB_LEDLE
D_Polymers,D_PLA,D_PLA,P29600,W_SUBS_LEDLE
D_Polymers,D_PLA,D_PLA,Q0VLQ1,W_ABO_2449
D_Polymers,D_PLA,D_PLA,Q0VLQ1,W_ABO_2449
D_Polymers,D_PLA,D_PLA,Q0VQ49,W_estC
D_Polymers,D_PLA,D_PLA,Q0VQA3,W_ABO_1197
D_Polymers,D_PLA,D_PLA,Q6N9M9,W_RPA1511
D_Polymers,D_PLA,D_PLA,Q83VD0,W_plaA
D_Polymers,D_PLA,D_PLA,Q874E9,W_CLE1
D_Polymers,D_PLA,D_PLA,T1W006,W_est
D_Polymers,D_PLA,D_PLA,T1W153,W_est
D_Polymers,D_PLA,D_PLA,W0M2H4,W_est
D_Polymers,D_PLA,D_PLA,W0TJ64,W_cut190
D_Polymers,D_PMCL,D_PMCL,1AGY,X_cut1
D_Polymers,D_PPA,D_PPA,A6WFI5,Y_cut
D_Polymers,D_PPL,D_PPL,Q9ZNH8,Z_phaZ
D_Polymers,D_PU,D_PU,A0A0C1F4U8,ZA_OA86_11720
D_Polymers,D_PU,D_PU,A0A1H6AD45,ZA_peth
D_Polymers,D_PU,D_PU,A0A1M6F5V0,ZA_SAMN04487908_10753
D_Polymers,D_PU,D_PU,A1Z374,ZA_pueA
D_Polymers,D_PU,D_PU,P19833,ZA_lip1
D_Polymers,D_PU,D_PU,POM09750,ZA_lip
D_Polymers,D_PU,D_PU,Q4KBS3,ZA_pueB
D_Polymers,D_PU,D_PU,Q4KBS6,ZA_pueA
D_Polymers,D_PU,D_PU,Q9LAB9,ZA_pulA
D_Polymers,D_PU,D_PU,Q9R9H2,ZA_pueB
D_Polymers,D_PU,D_PU,Q9WX47,ZA_pudA
D_Polymers,D_PU,D_PU,Q9X3C0,ZA_pueA
D_Polymers,D_PU,D_PU,WP_052671284.1,ZA_est
D_Polymers,D_PU,D_PU,WP_111881932.1,ZA_est
D_Polymers,D_PU,D_PU,Q9AHE8,ZA_amdA
D_Polymers,D_PVA,D_PVA,A0A1B2N825,ZB_BAY15_3292
D_Polymers,D_PVA,D_PVA,P77931,ZB_pvaA
D_Polymers,D_PVA,D_PVA,Q588Z1,ZB_pvaA
D_Polymers,D_PVA,D_PVA,Q588Z2,ZB_oph
D_Polymers,D_PVA,D_PVA,Q9LCQ7,ZB_pvaB
E_Biosurfactants,E_Amphisin,E_Amphisin,Q936V0,A_amsY
E_Biosurfactants,E_Arthrofactin,E_Arthrofactin,Q84BQ4,B_arfC
E_Biosurfactants,E_Arthrofactin,E_Arthrofactin,Q84BQ5,B_arfB
E_Biosurfactants,E_Arthrofactin,E_Arthrofactin,Q84BQ6,B_arfA
E_Biosurfactants,E_Emulsan,E_Emulsan,P0AAB2,C_wzb
E_Biosurfactants,E_Emulsan,E_Emulsan,P76387,C_wzc
E_Biosurfactants,E_Fengacyn,E_Fengacyn,Q9F4F7,D_ffp
E_Biosurfactants,E_Hydrophobin,E_Hydrophobin,P52754,E_hfb1
E_Biosurfactants,E_Hydrophobin,E_Hydrophobin,P79073,E_hfb2
E_Biosurfactants,E_Iturin,E_Iturin,BAB69697.1,F_ituD
E_Biosurfactants,E_Iturin,E_Iturin,BAB69698.1,F_ituA
E_Biosurfactants,E_Iturin,E_Iturin,BAB69699.1,F_ituB
E_Biosurfactants,E_Iturin,E_Iturin,BAB69700.1,F_ituC
E_Biosurfactants,E_Lactonic sophorose lipid,E_Lactonic sophorose lipid,S5ZJC7,G_sble
E_Biosurfactants,E_Mannosylerythritol lipids MEL,E_Mannosylerythritol lipids MEL,A0A0D1DZV5,H_emt1
E_Biosurfactants,E_Mycosubtilin,E_Mycosubtilin,Q9R9I9,I_mycC
E_Biosurfactants,E_Mycosubtilin,E_Mycosubtilin,Q9R9J0,I_mycB
E_Biosurfactants,E_Mycosubtilin,E_Mycosubtilin,Q9R9J1,I_mycA
E_Biosurfactants,E_Plipastatin,E_Plipastatin,O31827,J_ppsE
E_Biosurfactants,E_Plipastatin,E_Plipastatin,P39845,J_ppsA
E_Biosurfactants,E_Plipastatin,E_Plipastatin,P39846,J_ppsB
E_Biosurfactants,E_Plipastatin,E_Plipastatin,P39847,J_ppsC
E_Biosurfactants,E_Plipastatin,E_Plipastatin,P94459,J_ppsD
E_Biosurfactants,E_Rhamnolipids,E_Rhamnolipids,P54292,K_rhlR
E_Biosurfactants,E_Rhamnolipids,E_Rhamnolipids,Q51559,K_rhlA
E_Biosurfactants,E_Rhamnolipids,E_Rhamnolipids,Q9HXE5,K_rhlB
E_Biosurfactants,E_Rhamnolipids,E_Rhamnolipids,Q9I4K5,K_rhlC
E_Biosurfactants,E_Rhamnolipids,E_Rhamnolipids,Q9HYD1,K_rhlB
E_Biosurfactants,E_Rhamnolipids,E_Rhamnolipids,ADX31267.1,K_rhlB
E_Biosurfactants,E_Rhamnolipids,E_Rhamnolipids,AJK48831.1,K_rhlA
E_Biosurfactants,E_Rhamnolipids,E_Rhamnolipids,ADX31268.1,K_rhlC
E_Biosurfactants,E_Serrawetin,E_Serrawetin,Q75PZ2,L_pswP
E_Biosurfactants,E_Sophorolipids,E_Sophorolipids,G0YF19,M_at
E_Biosurfactants,E_Surfactin,E_Surfactin,P27206,N_srfAA
E_Biosurfactants,E_Surfactin,E_Surfactin,P39135,N_sfp
E_Biosurfactants,E_Surfactin,E_Surfactin,Q04747,N_srfAB
